N°;Stichwort ;Beinhaltet;Ja;Von;Bis;Funktion;Bemerkungen
1;HAZOP (Hazard and Operability Study) - Risiken erkennen, Prozesse optimieren;Die HAZOP ist eine strukturierte, teambasierte Methode zur Identifikation und Bewertung von Gefahren und Betriebsabweichungen in technischen Prozessen. Sie wird insbesondere in der Chemie-, Pharma-, Öl-, Gas- und Nuklearindustrie eingesetzt.;☒; 22.05.2025; 24.05.2026;EHS Ingenieur / -in;
;;;;;;;
;;Unsere HAZOP-Workshops folgen internationalen Standards (IEC 61882) und werden durch erfahrene Moderatoren geleitet. Dabei analysieren wir systematisch Prozessparameter anhand definierter Leitwörter („mehr“, „weniger“, „keine“, „zu spät“) und dokumentieren alle Abweichungen inklusive Ursachen, Folgen und Massnahmen.;;;;;
;;;;;;;
;;Typische Inhalte:;;;;;
;;·        Definition von Knotenpunkten und Prozessabschnitten;;;;;
;;·        Identifikation potenzieller Abweichungen;;;;;
;;·        Bewertung von Risiken und Betriebsstörungen;;;;;
;;·        Ableitung konkreter Sicherheits- und Optimierungsmassnahmen;;;;;
;;·        Dokumentation für Behörden, Audits und interne QS;;;;;
;;;;;;;
;;Ihr Nutzen:;;;;;
;;·        Frühzeitige Erkennung von Risiken und Schwachstellen;;;;;
;;·        Erhöhung der Prozesssicherheit und Anlagenverfügbarkeit;;;;;
;;·        Revisionssichere Dokumentation für Compliance und Audits;;;;;
;;·        Interdisziplinäre Zusammenarbeit mit hoher Ergebnisqualität;;;;;
2;Abfallmanagement - Ressourcen schonen, Vorschriften erfüllen;Wir unterstützen Sie bei der Entwicklung und Umsetzung eines projektspezifischen Abfallmanagements – mit dem Ziel, Abfallmengen auf Baustellen und im laufenden Betrieb gezielt zu reduzieren und gesetzeskonform zu entsorgen.;☐;Klicken oder tippen Sie, um ein Datum einzugeben.;Klicken oder tippen Sie, um ein Datum einzugeben.;EHS Ingenieur / -in;
;;;;;;;
;;Unsere Leistungen umfassen die Beratung zur Abfalltrennung in definierte Kategorien (recycelbare Materialien, gefährliche Abfälle, Reststoffe) sowie die Visualisierung von Abfallströmen zur Identifikation von Optimierungspotenzialen.;;;;;
;;;;;;;
;;Gemeinsam mit Ihnen erstellen wir ein individuelles Abfallkonzept, das auf Ihre Projektstruktur und betrieblichen Anforderungen abgestimmt ist. Dieses beinhaltet auch die Schulung Ihrer Mitarbeitenden und Projektbeteiligten zur sicheren und effizienten Umsetzung.;;;;;
;;;;;;;
;;Typische Inhalte:;;;;;
;;·        Analyse bestehender Abfallprozesse und Mengenströme;;;;;
;;·        Definition von Trennsystemen und Entsorgungswegen;;;;;
;;·        Erstellung eines projektspezifischen Abfallkonzepts;;;;;
;;·        Visualisierung und Dokumentation der Abfalllogistik;;;;;
;;·        Schulung und Unterweisung vor Ort;;;;;
;;;;;;;
;;Ihr Nutzen:;;;;;
;;·        Reduktion von Entsorgungskosten und Umweltbelastung;;;;;
;;·        Erfüllung gesetzlicher Vorgaben und interner Standards;;;;;
;;·        Erhöhung der Akzeptanz und Umsetzungssicherheit im Team;;;;;
;;·        Transparente Nachverfolgbarkeit für Audits und Behörden;;;;;
3;Alleinarbeiterschutz - Sicherheit gewährleisten, Verantwortung übernehmen;Wir erstellen für Ihren Betrieb oder Ihr Projekt ein spezifisches Schutzkonzept zur sicheren Organisation von Alleinarbeit – basierend auf einer strukturierten Risikoanalyse. Ziel ist es, potenzielle Gefährdungen frühzeitig zu erkennen und gezielte Schutzmassnahmen zu definieren, die Ihre Mitarbeitenden und Projektbeteiligten wirksam absichern.;☐;Klicken oder tippen Sie, um ein Datum einzugeben.;Klicken oder tippen Sie, um ein Datum einzugeben.;EHS Manager / -in;
;;Dabei identifizieren wir relevante Tätigkeiten mit Alleinarbeitsrisiko, bewerten die Gefährdungslage und entwickeln gemeinsam mit Ihnen ein praxisnahes Massnahmenpaket. Dieses umfasst auch die Beratung zu geeigneten Überwachungssystemen sowie die Definition klarer Abläufe im Notfall.;;;;;
;;Typische Inhalte:;;;;;
;;·        Risikoanalyse zur Identifikation von Alleinarbeitssituationen;;;;;
;;·        Definition technischer und organisatorischer Schutzmassnahmen;;;;;
;;·        Beratung zu Überwachungs- und Kommunikationssystemen;;;;;
;;·        Erstellung eines Notfallablaufs inkl. Eskalationslogik;;;;;
;;·        Schulung und Unterweisung der betroffenen Mitarbeitenden;;;;;
;;;;;;;
;;Ihr Nutzen:;;;;;
;;·        Erfüllung gesetzlicher Anforderungen (z. B. EKAS, ArGV3);;;;;
;;·        Erhöhung der Sicherheit bei Einzelarbeitsplätzen und mobilen Einsätzen;;;;;
;;·        Klare Abläufe im Ernstfall – für schnelle und koordinierte Reaktion;;;;;
;;·        Stärkung der Sicherheitskultur und Akzeptanz im Team;;;;;
4;Permit to Work (PtW) - Arbeitsfreigabe strukturieren, Risiken kontrollieren;Wir übernehmen die vollständige Organisation Ihres Arbeitsgenehmigungsprozesses für bevorstehende Projekte – oder entwickeln für Sie ein massgeschneidertes Arbeitsgenehmigungssystem, das auf Ihre betrieblichen Anforderungen und regulatorischen Rahmenbedingungen abgestimmt ist.;☐;Klicken oder tippen Sie, um ein Datum einzugeben.;Klicken oder tippen Sie, um ein Datum einzugeben.;EHS Professional;
;;;;;;;
;;Unsere Dienstleistung umfasst die Erstellung eines strukturierten Prozessbeschriebs, den Aufbau einer Kompetenzmatrix zur Rollendefinition, die Implementierung und Überwachung des Systems sowie die Schulung aller involvierten Stakeholder.;;;;;
;;;;;;;
;;Typische Inhalte:;;;;;
;;·        Entwicklung eines projektspezifischen Prozesses inkl. Rollenmodell;;;;;
;;·        Aufbau einer Kompetenzmatrix zur Definition von Verantwortlichkeiten;;;;;
;;·        Implementierung und operative Begleitung des Genehmigungsprozesses;;;;;
;;·        Überwachung und Qualitätssicherung der Anwendung;;;;;
;;·        Schulung und Unterweisung aller Beteiligten (intern & extern);;;;;
;;;;;;;
;;Ihr Nutzen:;;;;;
;;·        Strukturierte und sichere Durchführung risikobehafteter Tätigkeiten;;;;;
;;·        Klare Verantwortlichkeiten und transparente Abläufe;;;;;
;;·        Erfüllung gesetzlicher Anforderungen und interner Compliance-Vorgaben;;;;;
;;·        Revisionssichere Dokumentation für Audits und Behörden;;;;;
;;·        Entlastung Ihrer Projektleitung durch professionelle Prozessführung;;;;;
5;Audit - Risiken erkennen, Compliance sichern, Prozesse verbessern;Ein EHS-Audit umfasst eine strukturierte Reihe von Dienstleistungen zur Überprüfung und Verbesserung der Einhaltung von gesetzlichen, normativen und betrieblichen Anforderungen in den Bereichen Arbeitssicherheit, Gesundheitsschutz und Umweltschutz.;☒;Klicken oder tippen Sie, um ein Datum einzugeben.;Klicken oder tippen Sie, um ein Datum einzugeben.;EHS Manager / -in;
;;;;;;;
;;Wir führen Audits sowohl im Betrieb als auch auf Baustellen durch – mit dem Ziel, Risiken zu identifizieren, Compliance sicherzustellen und die kontinuierliche Verbesserung Ihrer EHS-Performance zu fördern.;;;;;
;;;;;;;
;;Typische Inhalte:;;;;;
;;·        Vorbereitung und Auditplanung inkl. Zieldefinition;;;;;
;;·        Prüfung relevanter Dokumente, Prozesse und Nachweise;;;;;
;;·        Begehung und Inspektion vor Ort;;;;;
;;·        Interviews mit Mitarbeitenden und Führungskräften;;;;;
;;·        Bewertung von Abweichungen und Verbesserungspotenzialen;;;;;
;;·        Erstellung eines Auditberichts mit konkreten Empfehlungen;;;;;
;;·        Nachverfolgung von Massnahmen und Wirksamkeitskontrolle;;;;;
;;;;;;;
;;Ihr Nutzen:;;;;;
;;·        Sicherstellung der Einhaltung gesetzlicher Vorgaben (EKAS, VUV, ArG, Umweltschutzgesetz);;;;;
;;·        Frühzeitige Identifikation von Risiken und Schwachstellen;;;;;
;;·        Revisionssichere Dokumentation für Behörden und Zertifizierungen;;;;;
;;·        Stärkung der Sicherheitskultur und internen Verantwortlichkeit;;;;;
;;·        Unterstützung bei der Umsetzung von ISO 45001, ISO 14001 und internen Standards.;;;;;
;;;;;;;
;;;;;;;
;;;;;;;
;;;;;;;
;;;;;;;
;;;;;;;
6;Ausbildung Hubarbeitsbühne - Sicher arbeiten in der Höhe, international zertifiziert;Wir organisieren für Sie die gesetzlich konforme Ausbildung zur Bedienung von Hubarbeitsbühnen – entweder direkt bei Ihnen vor Ort oder bei einem unserer zertifizierten Partner in Ihrer Nähe. Die Schulung entspricht den Anforderungen der Verordnung über die Unfallverhütung (VUV Art. 8) sowie den Empfehlungen des VSAA und der IPAF (International Powered Access Federation).;☐;Klicken oder tippen Sie, um ein Datum einzugeben.;Klicken oder tippen Sie, um ein Datum einzugeben.;Ausbildner / -in Partner;
;;;;;;;
;;Die IPAF-Ausbildung ist international anerkannt und basiert auf dem Standard ISO 18878. Sie umfasst sowohl theoretische als auch praktische Module und schliesst mit einer Prüfung ab. Nach erfolgreichem Abschluss erhalten die Teilnehmenden eine PAL Card (Powered Access Licence), ein Zertifikat sowie ein Logbuch – als Nachweis der Qualifikation.;;;;;
;;;;;;;
;;Typische Inhalte:;;;;;
;;·        Gesetzliche Grundlagen und Pflichten der Bediener;;;;;
;;·        Gerätekategorien nach SN EN 280 (1A, 1B, 3A, 3B);;;;;
;;·        Sicherheitsregeln, Gefahrenanalyse und Notfallprozeduren;;;;;
;;·        Gerätekunde, Bedienung und Einsatzplanung;;;;;
;;·        Praktische Übungen mit verschiedenen Bühnen;;;;;
;;·        Abschlussprüfung und Ausstellung der PAL Card;;;;;
;;;;;;;
;;Ihr Nutzen:;;;;;
;;·        Erfüllung gesetzlicher Anforderungen gemäss EKAS, VUV und ArGV;;;;;
;;·        International anerkannter Ausbildungsnachweis (PAL Card);;;;;
;;·        Reduktion von Unfallrisiken bei Arbeiten in der Höhe;;;;;
;;·        Flexible Durchführung – vor Ort oder bei zertifizierten IPAF-Partnern;;;;;
;;·        Schulung durch erfahrene Instruktoren mit Branchenkenntnis;;;;;
7;Ausbildung PSAgA - Persönliche Sicherheit bei Arbeiten mit Absturzrisiko;Wir organisieren für Sie die gesetzlich konforme Ausbildung zum sicheren Einsatz von persönlicher Schutzausrüstung gegen Absturz (PSAgA) – entweder direkt bei Ihnen vor Ort oder bei einem unserer zertifizierten Partner in Ihrer Nähe. Die Schulung entspricht den Anforderungen der SUVA, der EKAS-Richtlinien, der VUV Art. 8 sowie den Empfehlungen des Vereins absturzrisiko.ch.;☐;Klicken oder tippen Sie, um ein Datum einzugeben.;Klicken oder tippen Sie, um ein Datum einzugeben.;Ausbildner / -in Partner;
;;;;;;;
;;Die Ausbildung vermittelt die praktische Befähigung zum sicheren Arbeiten mit PSAgA unter Berücksichtigung der jeweiligen Einsatzbedingungen. Sie ist obligatorisch für alle Tätigkeiten mit Absturzrisiko, bei denen kein Kollektivschutz möglich ist.;;;;;
;;;;;;;
;;;;;;;
;;Typische Inhalte:;;;;;
;;·        Gesetzliche Grundlagen und Einsatzvoraussetzungen;;;;;
;;·        Auswahl und Kontrolle der geeigneten PSAgA;;;;;
;;·        Anseilschutz, Anschlagpunkte, Rettungskonzept;;;;;
;;·        Praktische Übungen in realistischen Szenarien;;;;;
;;·        Dokumentation und Ausbildungsnachweis;;;;;
;;;;;;;
;;Ihr Nutzen:;;;;;
;;·        Erfüllung gesetzlicher Anforderungen gemäss UVG, VUV, BauAV und EKAS;;;;;
;;·        Nachweisbare Qualifikation Ihrer Mitarbeitenden;;;;;
;;·        Reduktion von Unfallrisiken bei Arbeiten in der Höhe;;;;;
;;·        Schulung durch zertifizierte Ausbilder mit branchenspezifischer Erfahrung;;;;;
8;Bau- / Projektleitungssitzung - EHS-Fachbegleitung;Wir begleiten Sie bei Bau- und Projektleitungssitzungen und vertreten Ihre Interessen als Bauherrenvertreter – engagiert, kompetent und mit Fokus auf Sicherheit, Gesundheit und Umwelt. Unsere Teilnahme stellt sicher, dass relevante EHS-Themen frühzeitig erkannt und wirksam adressiert werden.;☐;Klicken oder tippen Sie, um ein Datum einzugeben.;Klicken oder tippen Sie, um ein Datum einzugeben.;EHS Professional;
;;;;;;;
;;Die Fachbegleitung trägt dazu bei, die Sicherheit und Gesundheit der Mitarbeitenden zu gewährleisten und die Umwelt zu schützen. Sie ist ein integraler Bestandteil jeder verantwortungsvollen Projektführung.;;;;;
;;;;;;;
;;Typische Inhalte:;;;;;
;;·        Aktuelle Themen und Pendenzen;;;;;
;;·        Analyse und Besprechung von Zwischenfällen;;;;;
;;·        Methode Statement und technische Abläufe;;;;;
;;·        Abstimmung der Bauphasen und Schnittstellen;;;;;
;;·        Sicherheitsrundgänge und Begehungen;;;;;
;;·        Sensibilisierung der Projektbeteiligten;;;;;
;;·        Dokumentation und Berichterstattung ;;;;;
;;·        Zusammenarbeit mit weiteren Projektpartnern;;;;;
;;;;;;;
;;Ihr Nutzen: ;;;;;
;;·        Frühzeitige Identifikation und Minimierung von Risiken;;;;;
;;·        Nachweisbare Integration von EHS in die Projektsteuerung;;;;;
;;·        Entlastung durch fachkundige Vertretung in Sitzungen;;;;;
;;·        Förderung der Sicherheitskultur auf der Baustelle;;;;;
;;·        Unterstützung bei der Einhaltung gesetzlicher Vorgaben;;;;;
9;Betriebsanweisungen - Sicherheit schriftlich geregelt;Wir erstellen für Sie spezifische Betriebsanweisungen, die den sicheren Umgang mit Gefahrstoffen und die Durchführung von Tätigkeiten am Arbeitsplatz klar und verständlich regeln. Die Dokumente entsprechen den gesetzlichen Vorgaben und sind ein zentraler Bestandteil Ihres Arbeitsschutzsystems.;☐;Klicken oder tippen Sie, um ein Datum einzugeben.;Klicken oder tippen Sie, um ein Datum einzugeben.;EHS Manager / -in;
;;;;;;;
;;Betriebsanweisungen tragen dazu bei, die Sicherheit und Gesundheit Ihrer Mitarbeitenden zu gewährleisten und die Umwelt zu schützen. Sie schaffen Klarheit, fördern das richtige Verhalten und unterstützen die Einhaltung von Schutzmassnahmen.;;;;;
;;;;;;;
;;Typische Inhalte:;;;;;
;;·        Zweck und Anwendungsbereich;;;;;
;;·        Gefahren und Risiken;;;;;
;;·        Schutzmassnahmen;;;;;
;;·        Verhaltensregeln;;;;;
;;·        Erste-Hilfe-Massnahmen;;;;;
;;·        Entsorgung und Umweltschutz;;;;;
;;·        Schulung und Unterweisung;;;;;
;;;;;;;
;;Ihr Nutzen:;;;;;
;;·        Erfüllung gesetzlicher Anforderungen gemäss ChemV, VUV und EKAS;;;;;
;;·        Klare und nachvollziehbare Anweisungen für Ihre Mitarbeitenden;;;;;
;;·        Reduktion von Unfall- und Gesundheitsrisiken;;;;;
;;·        Unterstützung bei Audits und behördlichen Kontrollen;;;;;
10;EHS Plan - Sicherheit, Gesundheit und Umwelt systematisch geregelt;Wir erstellen für Sie einen spezifischen EHS Plan, der alle relevanten Massnahmen und Verfahren zur Einhaltung von Umwelt-, Gesundheits- und Sicherheitsstandards in Ihrem Betrieb oder Projekt umfasst. Das Dokument bildet die Grundlage für eine strukturierte und gesetzeskonforme Umsetzung Ihrer EHS-Ziele.;☐;Klicken oder tippen Sie, um ein Datum einzugeben.;Klicken oder tippen Sie, um ein Datum einzugeben.;EHS Manager / -in;
;;;;;;;
;;Ein gut strukturierter EHS Plan trägt dazu bei, die Sicherheit und Gesundheit Ihrer Mitarbeitenden zu gewährleisten und die Umwelt zu schützen. Er schafft Klarheit, fördert Verantwortungsbewusstsein und unterstützt die kontinuierliche Verbesserung Ihrer Prozesse.;;;;;
;;;;;;;
;;Typische Inhalte: ;;;;;
;;·        Ziele und Grundsätze;;;;;
;;·        Rollen und Verantwortlichkeiten;;;;;
;;·        Regeln und Vorschriften;;;;;
;;·        Information und Kommunikation;;;;;
;;·        Gefährdungsbeurteilung / Risk Assessment;;;;;
;;·        Schulungen und Unterweisungen;;;;;
;;·        Notfallplanung;;;;;
;;·        Überwachung und Inspektion;;;;;
;;·        Berichterstattung und Dokumentation;;;;;
;;·        Abfall- und Umweltmanagement;;;;;
;;·        Gesundheitsförderung;;;;;
;;;;;;;
;;Ihr Nutzen: ;;;;;
;;·        Systematische Integration von EHS in Ihre Betriebsabläufe;;;;;
;;·         Erfüllung gesetzlicher Anforderungen gemäss UVG, VUV, ChemV und EKAS;;;;;
;;·        Klare Zuständigkeiten und transparente Kommunikation;;;;;
;;·        Reduktion von Risiken und Förderung der Prävention;;;;;
;;·        Unterstützung bei Audits und Zertifizierungen;;;;;
11;;Wir unterstützen Sie beim Aufbau eines spezifischen Gefahrstoffkatasters für Ihren Betrieb oder Ihr Projekt. Das Gefahrstoffkataster ist eine systematische und gesetzlich geforderte Auflistung aller verwendeten Gefahrstoffe und bildet die Grundlage für eine fundierte Gefährdungsbeurteilung.;☐;Klicken oder tippen Sie, um ein Datum einzugeben.;Klicken oder tippen Sie, um ein Datum einzugeben.;Gefahrengutbeauftragte / -r;
;Gefahrenstoffkataster - Transparenz und Sicherheit im Umgang mit Gefahrstoffen;;;;;;
;;Es enthält detaillierte Informationen zu Eigenschaften, Einsatzbereichen und Schutzmassnahmen und dient dem Schutz Ihrer Mitarbeitenden sowie der Umwelt.;;;;;
;;;;;;;
;;Typische Inhalte:;;;;;
;;·        Gefahrstoffbezeichnung;;;;;
;;·        Einstufung und Kennzeichnung;;;;;
;;·        Verwendungszweck und Einsatzort;;;;;
;;·        Mengenangaben;;;;;
;;·        Sicherheitsdatenblätter (SDB);;;;;
;;·        Hersteller und Lieferant;;;;;
;;·        Schulung der betroffenen Mitarbeitenden;;;;;
;;·        Notfallmanagement;;;;;
;;;;;;;
;;Ihr Nutzen: ;;;;;
;;·        Erfüllung gesetzlicher Anforderungen gemäss ChemV, VUV und EKAS;;;;;
;;·        Übersicht und Kontrolle über alle eingesetzten Gefahrstoffe;;;;;
;;·        Grundlage für Gefährdungsbeurteilungen und Betriebsanweisungen;;;;;
;;·        Reduktion von Risiken im Umgang mit gefährlichen Stoffen;;;;;
;;·        Unterstützung bei Audits und behördlichen Kontrollen;;;;;
;;·        Optional: Gemeinsame Erstellung von Betriebsanweisungen (011);;;;;
12;Gerüstloses Bauen - Sicherheit ohne Standardgerüst;Gerüstloses Bauen ist in der Schweiz bewilligungspflichtig. Gemäss den gesetzlichen Vorgaben muss ab einer Absturzhöhe von zwei Metern ein Fassadengerüst errichtet werden. In Ausnahmefällen kann die Suva eine schriftliche Bewilligung erteilen – vorausgesetzt, die gewählte Ersatzlösung erfüllt die Schutzziele für Arbeitnehmende und die Öffentlichkeit gleichwertig oder besser.;☒;Klicken oder tippen Sie, um ein Datum einzugeben.;Klicken oder tippen Sie, um ein Datum einzugeben.;Gerüstexperte / -in;
;;;;;;;
;;Bereits vor Baubeginn muss die Bauleitung ein projektspezifisches Sicherheitskonzept erstellen und dieses bei der Suva einreichen. Ein solches Konzept muss umfassend und detailliert sein, um die Sicherheit der Mitarbeitenden zu gewährleisten und die gesetzlichen Anforderungen zu erfüllen.;;;;;
;;;;;;;
;;Typische Inhalte:;;;;;
;;·        Gefährdungsbeurteilung / Risk Assessment ;;;;;
;;·        Schutzmassnahmen ;;;;;
;;·        Schulung und Unterweisung;;;;;
;;·        Notfallplanung;;;;;
;;·        Überwachung und Inspektion;;;;;
;;·        Dokumentation und Berichterstattung;;;;;
;;·        Zusammenarbeit mit der Suva;;;;;
;;;;;;;
;;Ihr Nutzen: ;;;;;
;;·        Möglichkeit zur Umsetzung alternativer Bauverfahren;;;;;
;;·        Erfüllung gesetzlicher Anforderungen gemäss VUV, BauAV und EKAS;;;;;
;;·        Nachweisbare Sicherheit für Arbeitnehmende und Dritte;;;;;
;;·        Unterstützung bei der Kommunikation mit Behörden;;;;;
;;·        Reduktion von Risiken durch projektspezifische Schutzkonzepte;;;;;
13;Gerüstkontrollen und Abnahme - Sicherheit vor Arbeitsbeginn;Wir führen für Sie fachgerechte Gerüstkontrollen und Abnahmen gemäss den gesetzlichen Vorgaben durch. Diese Prüfungen sind unerlässlich, um die Sicherheit der Mitarbeitenden zu gewährleisten und die Einhaltung der Schutzmassnahmen auf der Baustelle sicherzustellen.;☒;Klicken oder tippen Sie, um ein Datum einzugeben.;Klicken oder tippen Sie, um ein Datum einzugeben.;Gerüstexperte / -in;NEU
;;;;;;;
;;Die Kontrolle erfolgt vor der ersten Nutzung sowie regelmässig während der Bauphase.;;;;;
;;;;;;;
;;Typische Inhalte:;;;;;
;;·        Sichtprüfung auf Stabilität und Vollständigkeit;;;;;
;;·        Kontrolle der Zugänge, Beläge und Absturzsicherungen;;;;;
;;·        Überprüfung der Lastverteilung und Verankerung;;;;;
;;·        Prüfung auf Einhaltung der Normen gemäss SIA und SUVA;;;;;
;;·        Dokumentation der Mängel und Massnahmen;;;;;
;;·        Abnahmeprotokoll mit Freigabe zur Nutzung;;;;;
;;·        Schulung der Mitarbeitenden zur sicheren Nutzung;;;;;
;;;;;;;
;;Ihr Nutzen:;;;;;
;;·        Erfüllung gesetzlicher Anforderungen gemäss BauAV, VUV und EKAS;;;;;
;;·        Nachweisbare Sicherheit für alle Gerüstnutzer;;;;;
;;·        Reduktion von Unfallrisiken durch frühzeitige Mängelerkennung;;;;;
;;·        Unterstützung bei Audits und behördlichen Kontrollen;;;;;
14;Incident Management - Zwischenfälle systematisch erfassen und beheben;Wir übernehmen für Sie das Incident Management oder unterstützen Sie bei der Einführung eines strukturierten Systems zur Erfassung, Analyse und Behebung von sicherheits-, gesundheits- oder umweltrelevanten Zwischenfällen. Die Tiefe und Ausgestaltung richten sich nach Ihren spezifischen Anforderungen und Projektbedingungen.;☐;Klicken oder tippen Sie, um ein Datum einzugeben.;Klicken oder tippen Sie, um ein Datum einzugeben.;EHS Professional;
;;;;;;;
;;Ein effektives Incident Management hilft dabei, die negativen Auswirkungen von Zwischenfällen zu minimieren und die Sicherheit und Gesundheit Ihrer Mitarbeitenden sowie den Umweltschutz nachhaltig zu gewährleisten. Bereits die Untersuchung von Beinaheereignissen und unsicheren Verhaltensweisen fördert die Sicherheitskultur und reduziert Risiken, bevor es zu tatsächlichen Schäden kommt.;;;;;
;;;;;;;
;;Typische Inhalte:;;;;;
;;·        Erkennung und Meldung von Zwischenfällen;;;;;
;;·        Priorisierung nach Schweregrad und Dringlichkeit;;;;;
;;·        Untersuchung und Ursachenanalyse;;;;;
;;·        Ableitung und Umsetzung von Korrekturmassnahmen;;;;;
;;·        Dokumentation und Nachverfolgung;;;;;
;;·        Kommunikation der Erkenntnisse und Massnahmen;;;;;
;;·        Schulung und Sensibilisierung der Mitarbeitenden;;;;;
;;;;;;;
;;Ihr Nutzen: ;;;;;
;;·        Frühzeitige Identifikation und Behebung von Risiken;;;;;
;;·        Förderung einer offenen und lernorientierten Sicherheitskultur;;;;;
;;·        Erfüllung gesetzlicher Anforderungen gemäss UVG, VUV und EKAS;;;;;
;;·        Reduktion der Eintrittswahrscheinlichkeit und des Schweregrads von Zwischenfällen;;;;;
;;·        Unterstützung bei Audits, Zertifizierungen und Behördenkommunikation;;;;;
15;Instruktion - Praxisnahe Anleitung direkt am Arbeitsplatz;Wir bieten ein breites Spektrum an praxisorientierten Instruktionen für einzelne Tätigkeiten direkt am Arbeitsplatz. Die Instruktion vermittelt den sicheren Umgang mit Geräten, Anlagen oder Arbeitsmitteln und ist ein zentraler Bestandteil der Arbeitssicherheit.;☐;Klicken oder tippen Sie, um ein Datum einzugeben.;Klicken oder tippen Sie, um ein Datum einzugeben.;EHS Professional;
;;;;;;;
;;Beispiel: Instruktion zur Bedienung der Batterieladestation eines Staplers.;;;;;
;;;;;;;
;;Unsere Instruktionen sind spezifisch auf Ihre betrieblichen Gegebenheiten abgestimmt und werden durch erfahrene Fachpersonen durchgeführt – entweder projektbezogen oder als Teil Ihrer betrieblichen Sicherheitsorganisation.;;;;;
;;Typische Inhalte:;;;;;
;;·        Gerätespezifische Bedienung und Handhabung;;;;;
;;·        Sicherheitsrelevante Hinweise und Schutzmassnahmen;;;;;
;;·        Verhalten bei Störungen oder Fehlfunktionen;;;;;
;;·        Praktische Übungen und Anwendung vor Ort;;;;;
;;·        Dokumentation der Instruktion;;;;;
;;·        Fotodokumentation der Instruktion;;;;;
;;·        Schulung zur sicheren Nutzung;;;;;
;;·        Lernkontrolle;;;;;
;;;;;;;
;;Ihr Nutzen: ;;;;;
;;·        Erfüllung gesetzlicher Anforderungen gemäss VUV, BauAV und EKAS;;;;;
;;·         Nachweisbare Qualifikation Ihrer Mitarbeitenden;;;;;
;;·        Reduktion von Unfallrisiken durch gezielte Unterweisung;;;;;
;;·        Förderung der Eigenverantwortung und Sicherheitskultur;;;;;
16;JSA (Job Safety Analyse) - Arbeitssicherheitsanalyse für strukturierte Risikominimierung;Wir unterstützen Sie bei der Einführung und Umsetzung der Arbeitssicherheitsanalyse (JSA) in Ihrem Betrieb. Die Methode dient der systematischen Ermittlung und Minimierung von Gefahren am Arbeitsplatz, indem Arbeitsprozesse in einzelne Phasen unterteilt und die damit verbundenen Risiken analysiert werden.;☐;Klicken oder tippen Sie, um ein Datum einzugeben.;Klicken oder tippen Sie, um ein Datum einzugeben.;EHS Manager / -in;
;;;;;;;
;;Durch die Anwendung der JSA lassen sich potenzielle Gefahren frühzeitig erkennen und gezielte Massnahmen zur Unfallvermeidung entwickeln. Die Methode fördert das Sicherheitsbewusstsein und schafft eine solide Grundlage für präventives Handeln.;;;;;
;;;;;;;
;;Typische Inhalte:;;;;;
;;·        Strukturierte Zerlegung von Arbeitsprozessen;;;;;
;;·        Identifikation potenzieller Gefahren je Teilprozess;;;;;
;;·        Bewertung der Risiken und Eintrittswahrscheinlichkeiten;;;;;
;;·        Ableitung von Schutzmassnahmen und Verhaltensregeln;;;;;
;;·        Dokumentation der Analyseergebnisse;;;;;
;;·        Kommunikation und Schulung der Mitarbeitenden;;;;;
;;;;;;;
;;Ihr Nutzen:;;;;;
;;·        Systematische Risikominimierung am Arbeitsplatz;;;;;
;;·        Förderung der Sicherheitskultur und Eigenverantwortung;;;;;
;;·        Erfüllung gesetzlicher Anforderungen gemäss VUV, EKAS und UVG;;;;;
;;·        Reduktion von Unfall- und Gesundheitsrisiken;;;;;
;;·        Unterstützung bei Audits und Zertifizierungen;;;;;
17;Kennzeichnungen & Beschriftungen - Orientierung schafft Sicherheit;Wir übernehmen für Sie die fachgerechte Umsetzung von Kennzeichnungen und Beschriftungen im Rahmen Ihres Projekts oder Betriebs. Diese organisatorische Massnahme trägt wesentlich dazu bei, die Sicherheit und Gesundheit Ihrer Mitarbeitenden zu gewährleisten und die Umwelt zu schützen.;☐;Klicken oder tippen Sie, um ein Datum einzugeben.;Klicken oder tippen Sie, um ein Datum einzugeben.;EHS Professional;
;;;;;;;
;;Kennzeichnungen und Beschriftungen sind international verständlich und helfen, Gefahren frühzeitig zu erkennen, korrektes Verhalten zu fördern und die Einhaltung gesetzlicher Vorschriften sicherzustellen.;;;;;
;;;;;;;
;;Typische Inhalte: ;;;;;
;;·        Gefahrensymbole gemäss GHS;;;;;
;;·        Warnzeichen zur Erkennung potenzieller Risiken;;;;;
;;·        Verbotszeichen zur Vermeidung gefährlicher Handlungen;;;;;
;;·        Gebotszeichen zur Einhaltung von Schutzmassnahmen;;;;;
;;·        Rettungszeichen zur Orientierung im Notfall;;;;;
;;·        Brandschutzzeichen zur schnellen Lokalisierung von Löschmitteln und Fluchtwegen;;;;;
;;·        Beschilderungskonzept / Markierungsplan;;;;;
;;;;;;;
;;Ihr Nutzen:;;;;;
;;·        Erfüllung gesetzlicher Anforderungen gemäss VUV, ChemV und EKAS;;;;;
;;·        Erhöhung der Arbeitssicherheit durch klare visuelle Kommunikation;;;;;
;;·        Unterstützung bei Audits und behördlichen Kontrollen;;;;;
;;·        Reduktion von Fehlverhalten und Unfallrisiken;;;;;
18;Kick Off Meeting - EHS von Beginn an integriert;Wir empfehlen Ihnen, EHS als festen Bestandteil Ihres Kick Off Meetings zu integrieren. Das Meeting findet mit ausreichend Vorlaufzeit vor Projektstart statt und wird in der Regel durch die Bau- oder Projektleitung organisiert und durchgeführt.;☐;Klicken oder tippen Sie, um ein Datum einzugeben.;Klicken oder tippen Sie, um ein Datum einzugeben.;EHS Professional;
;;;;;;;
;;Von Seiten EHS werden die Anforderungen, Erwartungen und projektspezifischen Rahmenbedingungen frühzeitig aufgezeigt und besprochen. Ein klarer EHS-Fokus zu Beginn erleichtert die Zusammenarbeit mit Unternehmern und reduziert Risiken bereits vor Ausführungsbeginn.;;;;;
;;;;;;;
;;Typische Inhalte:;;;;;
;;·        Vorstellung der EHS-Ziele und Projektanforderungen;;;;;
;;·        Kommunikation von Rollen und Verantwortlichkeiten;;;;;
;;·        Erläuterung der Schutzmassnahmen und Verhaltensregeln;;;;;
;;·        Abstimmung zu Notfallplanung und Reporting;;;;;
;;·        Sensibilisierung der Unternehmer und Mitarbeitenden;;;;;
;;·        Klärung offener Fragen und Schnittstellen;;;;;
;;;;;;;
;;Ihr Nutzen:;;;;;
;;·        Klarer Projektstart mit definierten EHS-Erwartungen;;;;;
;;·        Reduktion von Wartezeiten und Zwischenfällen;;;;;
;;·        Förderung der Sicherheitskultur ab Tag eins;;;;;
;;·        Erfüllung gesetzlicher Anforderungen gemäss VUV, BauAV und EKAS ;;;;;
;;·        Unterstützung bei der Koordination zwischen Projektpartnern ;;;;;
19;Konsequenzen Management - Verhalten gezielt steuern und fördern;Wir unterstützen Sie bei der Einführung und Umsetzung eines strukturierten Konsequenzenmanagements in Ihrem Projekt oder Betrieb. Ziel ist es, das Verhalten Ihrer Mitarbeitenden im Hinblick auf Umwelt-, Gesundheits- und Sicherheitsvorschriften systematisch zu steuern und nachhaltig zu verbessern.;☐;Klicken oder tippen Sie, um ein Datum einzugeben.;Klicken oder tippen Sie, um ein Datum einzugeben.;EHS Professional;
;;;;;;;
;;Ein effektives Konsequenzenmanagement fördert ein verantwortungsbewusstes Verhalten, stärkt die Sicherheitskultur und hilft, die Einhaltung von EHS-Vorgaben sicherzustellen. Positive wie negative Konsequenzen werden transparent und nachvollziehbar eingesetzt.;;;;;
;;;;;;;
;;Typische Inhalte:;;;;;
;;·        Klare Kommunikation von Erwartungen und Regeln;;;;;
;;·        Überwachung und Bewertung des Verhaltens ;;;;;
;;·        Positive Konsequenzen (z. B. Safety Award, Anerkennung);;;;;
;;·        Negative Konsequenzen bei Regelverstössen;;;;;
;;·        Dokumentation und Nachverfolgung;;;;;
;;·        Kommunikation im Team und mit Führungskräften;;;;;
;;;;;;;
;;Ihr Nutzen: ;;;;;
;;·        Förderung der Eigenverantwortung und Sicherheitskultur;;;;;
;;·        Erfüllung gesetzlicher Anforderungen gemäss VUV, EKAS und UVG ;;;;;
;;·        Reduktion von sicherheitsrelevantem Fehlverhalten;;;;;
;;·        Transparente und faire Verhaltenssteuerung;;;;;
;;·        Unterstützung bei Audits und internen Reviews ;;;;;
20;Lessons Learned - Lernen aus Erfahrung für mehr Sicherheit;Wir unterstützen Sie bei der systematischen Erfassung und Auswertung von Erkenntnissen aus sicherheitsrelevanten Ereignissen. Lessons Learned bezeichnet das Lernen aus Erfahrung mit dem Ziel, gewonnene Einsichten aktiv zu nutzen und zukünftige Risiken zu minimieren.;☐;Klicken oder tippen Sie, um ein Datum einzugeben.;Klicken oder tippen Sie, um ein Datum einzugeben.;EHS Professional;
;;;;;;;
;;Jedes Ereignis mit Personenschaden oder hohem Gefährdungspotential erfordert eine strukturierte Lessons-Learned-Auswertung sowie die gezielte Kommunikation mit den betroffenen Gruppen. Dabei können interne Vorlagen verwendet oder kundenspezifische Prozesse integriert werden – flexibel und projektbezogen.;;;;;
;;;;;;;
;;Typische Inhalte:;;;;;
;;·        Analyse von Zwischenfällen und Beinaheereignissen;;;;;
;;·        Identifikation von Ursachen und Verbesserungspotentialen;;;;;
;;·        Ableitung konkreter Massnahmen zur Prävention;;;;;
;;·        Kommunikation der Erkenntnisse im Projektteam;;;;;
;;·        Dokumentation und Nachverfolgung;;;;;
;;·        Integration in bestehende Sicherheitsprozesse;;;;;
;;;;;;;
;;Ihr Nutzen: ;;;;;
;;·        Förderung einer offenen und lernorientierten Sicherheitskultur;;;;;
;;·        Reduktion von Wiederholungsfehlern und systemischen Risiken;;;;;
;;·        Erfüllung gesetzlicher Anforderungen gemäss VUV, EKAS und UVG ;;;;;
;;·        Unterstützung bei Audits und internen Reviews;;;;;
;;·        Nachhaltige Verbesserung der EHS-Performance ;;;;;
;;·        Optional: Anpassung an kundenspezifische Prozesse und Vorlagen;;;;;
21;LMRA (Last Minute Risk Assessment) - Sicherheit prüfen, bevor die Arbeit beginnt;Wir unterstützen Sie bei der Einführung und Umsetzung einer Last Minute Risk Assessment (LMRA) in Ihrem Betrieb oder Projekt. Die LMRA ist eine kurzfristige Risikobewertung, die unmittelbar vor Beginn einer Tätigkeit durchgeführt wird. Ziel ist es, potenzielle Gefahren zu erkennen und sicherzustellen, dass alle notwendigen Schutzmassnahmen getroffen wurden.;☐;Klicken oder tippen Sie, um ein Datum einzugeben.;Klicken oder tippen Sie, um ein Datum einzugeben.;EHS Professional;
;;;;;;;
;;Eine LMRA stärkt das Sicherheitsbewusstsein der Mitarbeitenden und hilft, Unfälle zu vermeiden – direkt am Ort des Geschehens und genau zum richtigen Zeitpunkt.;;;;;
;;;;;;;
;;Typische Inhalte: ;;;;;
;;·        Klärung des Arbeitsauftrags und der Tätigkeiten;;;;;
;;·        Überprüfung des Arbeitsplatzes auf Gefahrenquellen;;;;;
;;·        Kontrolle der Schutzmassnahmen und Sicherheitsvorkehrungen;;;;;
;;·        Notfallplanung und Verhalten im Ernstfall ;;;;;
;;·        Einsatz geeigneter persönlicher Schutzausrüstung (PSA) ;;;;;
;;·        Prüfung von Werkzeugen und technischen Hilfsmitteln;;;;;
;;;;;;;
;;Ihr Nutzen: ;;;;;
;;·        Erhöhung der Aufmerksamkeit und Eigenverantwortung vor Arbeitsbeginn ;;;;;
;;·        Reduktion von Unfallrisiken durch situative Gefahrenbewertung;;;;;
;;·        Erfüllung gesetzlicher Anforderungen gemäss VUV, EKAS und UVG ;;;;;
;;·        Förderung einer aktiven Sicherheitskultur im Betrieb ;;;;;
;;·        Unterstützung bei Audits und internen Sicherheitschecks;;;;;
;;·        Optional: Erstellung einer LMRA-Vorlage und Instruktion aller Stakeholder;;;;;
22;Methode Statement - Sicherheit und Effizienz in der Arbeitsausführung;Wir erstellen oder überprüfen für Sie ein auf Ihre Tätigkeiten zugeschnittenes Methode Statement. Dieses Dokument ist Teil des Sicherheits- und Gesundheitsschutzkonzepts und beschreibt die baustellenspezifischen Massnahmen zur sicheren Durchführung von Arbeiten. Seit 2022 ist ein solches Konzept gemäss BauAV Artikel 4 für jede Baustelle verpflichtend.;☐;Klicken oder tippen Sie, um ein Datum einzugeben.;Klicken oder tippen Sie, um ein Datum einzugeben.;EHS Professional;
;;;;;;;
;;Das Methode Statement dient der Organisation sicherer Arbeitsplätze und unterstützt gleichzeitig die technische Optimierung der Arbeitsausführung – praxisnah und gesetzeskonform.;;;;;
;;;;;;;
;;Typische Inhalte: ;;;;;
;;·        Beschreibung der geplanten Tätigkeiten und Abläufe;;;;;
;;·        Identifikation von Gefahren und Risiken;;;;;
;;·        Festlegung von Schutzmassnahmen und Sicherheitsvorkehrungen;;;;;
;;·        Einsatz geeigneter Arbeitsmittel und PSA;;;;;
;;·        Notfallplanung und Kommunikationswege;;;;;
;;·        Rollen und Verantwortlichkeiten im Arbeitsprozess ;;;;;
;;·        Dokumentation und Freigabe zur Ausführung;;;;;
;;;;;;;
;;Ihr Nutzen:;;;;;
;;·        Erfüllung gesetzlicher Anforderungen gemäss BauAV, VUV und EKAS ;;;;;
;;·        Nachweisbare Sicherheit für Ihre Mitarbeitenden ;;;;;
;;·        Optimierung der Arbeitsabläufe durch klare Struktur;;;;;
;;·        Unterstützung bei Audits und behördlichen Prüfungen;;;;;
;;·        Förderung der Sicherheitskultur auf der Baustelle ;;;;;
;;·        Optional: Integration in bestehende Projekt- und EHS-Strukturen;;;;;
23;Notfall- / Brandschutzkonzept - Sicherheit im Ernstfall gewährleisten;Wir erstellen für Sie ein umfassendes Notfall- und Brandschutzkonzept, das darauf abzielt, Personen und Sachwerte im Falle eines Brandes oder eines anderen Notfalls bestmöglich zu schützen. Das Konzept berücksichtigt projektspezifische Risiken und definiert klare Abläufe für den Ernstfall – strukturiert, praxisnah und gesetzeskonform.;☐;Klicken oder tippen Sie, um ein Datum einzugeben.;Klicken oder tippen Sie, um ein Datum einzugeben.;Brandschutzfachmann / -frau;
;;;;;;;
;;Ein gut durchdachtes Konzept minimiert die Auswirkungen von Notfällen und fördert die Sicherheit aller Beteiligten – von Mitarbeitenden über Einsatzkräfte bis hin zur Öffentlichkeit.;;;;;
;;;;;;;
;;;;;;;
;;Typische Inhalte: ;;;;;
;;·        Evakuationsplanung und Sammelplatzorganisation;;;;;
;;·        Instruktion und Ausbildung der Mitarbeitenden ;;;;;
;;·        Erste-Hilfe-Massnahmen und Notfalleinrichtungen;;;;;
;;·        Zuständigkeiten und Verantwortlichkeiten;;;;;
;;·        Anfahrtswege und Gebäudepläne ;;;;;
;;·        Einbindung der Blaulichtorganisationen (Ortskenntnisse, Gefährdungsanalyse etc.) ;;;;;
;;·        Risikoanalyse (Gefahrstoffe, Strom, Hochwasser, Wasser und Abwasser);;;;;
;;·        Kundenspezifische Abläufe und Alarmierungskette;;;;;
;;·        Flucht- und Rettungswege;;;;;
;;·        Kennzeichnungen und Brandschutzeinrichtungen;;;;;
;;;;;;;
;;Ihr Nutzen: ;;;;;
;;·        Erfüllung gesetzlicher Anforderungen gemäss BauAV, VUV und EKAS ;;;;;
;;·        Erhöhte Sicherheit für Personen, Sachwerte und Einsatzkräfte ;;;;;
;;·        Klare Abläufe und Zuständigkeiten im Notfall;;;;;
;;·        Reduktion von Reaktionszeiten und Schadensausmass ;;;;;
;;·        Unterstützung bei Audits, Zertifizierungen und Behördenkommunikation ;;;;;
;;·        Optional: Integration in bestehende Sicherheits- und EHS-Konzepte;;;;;
24;Risk Assessment - Gefahren erkennen, bevor sie entstehen;Wir unterstützen Sie bei der Durchführung einer strukturierten Risikoanalyse für Ihre Tätigkeiten, Projekte oder betrieblichen Abläufe. Ziel ist es, potenzielle Gefahren frühzeitig zu identifizieren und wirksame Massnahmen zur Risikominimierung zu entwickeln.;☐;Klicken oder tippen Sie, um ein Datum einzugeben.;Klicken oder tippen Sie, um ein Datum einzugeben.;EHS Manager / -in;
;;;;;;;
;;Die Risikoanalyse ist ein zentraler Bestandteil des Risikomanagements und trägt wesentlich zur Sicherheit, Effizienz und Rechtskonformität Ihrer Organisation bei.;;;;;
;;;;;;;
;;Typische Inhalte:;;;;;
;;·        Identifikation relevanter Risiken und Gefahrenquellen;;;;;
;;·        Bewertung der Eintrittswahrscheinlichkeit und Schadenshöhe ;;;;;
;;·        Priorisierung der Risiken nach Relevanz und Dringlichkeit ;;;;;
;;·        Entwicklung und Umsetzung geeigneter Schutzmassnahmen ;;;;;
;;·        Überwachung der Wirksamkeit und regelmässige Überprüfung;;;;;
;;;;;;;
;;Ihr Nutzen: ;;;;;
;;·        Frühzeitige Erkennung und Kontrolle von Risiken;;;;;
;;·        Erfüllung gesetzlicher Anforderungen gemäss VUV, EKAS und UVG ;;;;;
;;·        Reduktion von Unfall-, Gesundheits- und Umweltrisiken ;;;;;
;;·        Unterstützung bei Audits, Zertifizierungen und Behördenprüfungen ;;;;;
;;·        Förderung der Sicherheitskultur und Prozesssicherheit ;;;;;
;;·        Optional: Integration in bestehende Managementsysteme und EHS-Konzepte;;;;;
25;Safety Stand Down - Sicherheit bewusst in den Mittelpunkt stellen;Wir unterstützen Sie bei der Planung und Durchführung eines Safety Stand Down – einer gezielten Unterbrechung der Tätigkeiten, bei der Führungskräfte und Mitarbeitende zusammenkommen, um sicherheitsrelevante Themen zu besprechen, Bedenken zu adressieren und bewährte Praktiken zu stärken.;☐;Klicken oder tippen Sie, um ein Datum einzugeben.;Klicken oder tippen Sie, um ein Datum einzugeben.;EHS Professional;
;;;;;;;
;;Diese Initiative wird häufig von der Geschäftsleitung angestossen und dient der Sensibilisierung für branchenspezifische Sicherheitsstandards sowie der Förderung einer aktiven Sicherheitskultur. Safety Stand Downs können strukturiert mit Präsentationen und Schulungen oder informell mit offenen Diskussionen gestaltet werden.;;;;;
;;;;;;;
;;Typische Inhalte:;;;;;
;;·        Besprechung aktueller Sicherheitsrisiken und Zwischenfälle;;;;;
;;·        Austausch über Erfahrungen und Verbesserungspotentiale;;;;;
;;·        Vorstellung neuer Schutzmassnahmen und Standards ;;;;;
;;·        Schulung und Unterweisung zu spezifischen Themen ;;;;;
;;·        Förderung des offenen Dialogs zwischen Führung und Mitarbeitenden;;;;;
;;·        Dokumentation und Nachverfolgung der Ergebnisse;;;;;
;;;;;;;
;;;;;;;
;;Ihr Nutzen:;;;;;
;;·        Stärkung der Sicherheitskultur und des Teambewusstseins ;;;;;
;;·        Erhöhung der Akzeptanz und Einhaltung von Sicherheitsvorgaben;;;;;
;;·        Reduktion von Zwischenfällen und Fehlverhalten ;;;;;
;;·        Erfüllung gesetzlicher Anforderungen gemäss VUV, EKAS und UVG ;;;;;
;;·        Förderung des Wohlbefindens und der Eigenverantwortung der Mitarbeitenden ;;;;;
;;·        Optional: Integration in bestehende Sicherheits- und Kommunikationsstrukturen;;;;;
26;Ausbildungen - Qualifikation durch Theorie und Praxis;Wir organisieren für Sie spezifische und qualitativ hochwertige Ausbildungen – entweder direkt im Rahmen Ihres Projekts oder in einem qualifizierten Partnerbetrieb in Ihrer Nähe. Die Ausbildung vermittelt theoretische und praktische Kenntnisse zu einem umfassenden Thema und schliesst mit einem Ausbildungsnachweis ab, sofern die erforderlichen Kompetenzen nachgewiesen werden.;☐;Klicken oder tippen Sie, um ein Datum einzugeben.;Klicken oder tippen Sie, um ein Datum einzugeben.;Ausbildner / -in Partner;
;;;;;;;
;;Beispiel: Ausbildung zum Staplerfahrer mit Prüfung durch eine zertifizierte Fahrschule.;;;;;
;;;;;;;
;;Unsere Ausbildungen sind praxisnah, gesetzeskonform und auf die Anforderungen Ihrer Branche abgestimmt.;;;;;
;;;;;;;
;;Typische Inhalte: ;;;;;
;;·        Vermittlung von Fachwissen und Handlungskompetenz ;;;;;
;;·        Praktische Übungen unter realistischen Bedingungen ;;;;;
;;·        Prüfung der erlernten Inhalte durch qualifizierte Ausbilder ;;;;;
;;·        Dokumentation und Ausbildungsnachweis;;;;;
;;·        Anpassung an projektspezifische Anforderungen;;;;;
;;·        Integration in bestehende Schulungs- und Sicherheitskonzepte;;;;;
;;;;;;;
;;Ihr Nutzen:;;;;;
;;·        Nachweisbare Qualifikation Ihrer Mitarbeitenden;;;;;
;;·        Erfüllung gesetzlicher Anforderungen gemäss UVG, VUV, BauAV und EKAS ;;;;;
;;·        Reduktion von Unfallrisiken durch fundierte Ausbildung;;;;;
;;·        Förderung der Eigenverantwortung und Sicherheitskultur;;;;;
;;·        Unterstützung bei Audits und Zertifizierungen;;;;;
27;Sicherheitsrundgänge - Sicherheit sichtbar machen;Wir führen für Sie dokumentierte Sicherheitsrundgänge im Projekt oder Betrieb durch, um die Einhaltung gesetzlicher Vorschriften sicherzustellen und die Sicherheit sowie Gesundheit Ihrer Mitarbeitenden aktiv zu fördern. Die Rundgänge dienen der frühzeitigen Erkennung von Gefahren, der Optimierung von Prozessen und der Stärkung der Sicherheitskultur vor Ort.;☐;Klicken oder tippen Sie, um ein Datum einzugeben.;Klicken oder tippen Sie, um ein Datum einzugeben.;EHS Professional;
;;;;;;;
;;Durch regelmässige Begehungen lassen sich Risiken gezielt minimieren und sicherheitsrelevante Themen praxisnah adressieren.;;;;;
;;;;;;;
;;Typische Inhalte: ;;;;;
;;·        Überprüfung der Einhaltung definierter Prozesse ;;;;;
;;·        Kontrolle bestehender Sicherheitsmassnahmen ;;;;;
;;·        Identifikation und Bereinigung gefährlicher Situationen ;;;;;
;;·        Ansprache unsicheren Verhaltens und Förderung korrekter Abläufe ;;;;;
;;·        Prozessoptimierung durch gezielte Beobachtung ;;;;;
;;·        Dokumentation und Berichterstattung der Ergebnisse ;;;;;
;;·        Sensibilisierung der Mitarbeitenden im direkten Austausch;;;;;
;;;;;;;
;;Ihr Nutzen:;;;;;
;;·        Frühzeitige Erkennung und Behebung von Sicherheitsmängeln;;;;;
;;·        Förderung einer aktiven und gelebten Sicherheitskultur ;;;;;
;;·        Erfüllung gesetzlicher Anforderungen gemäss VUV, EKAS und UVG ;;;;;
;;·        Unterstützung bei Audits und internen Sicherheitsbewertungen ;;;;;
;;·        Reduktion von Unfallrisiken und Verbesserung der Arbeitsbedingungen;;;;;
28;Tool Box - Sicherheit im täglichen Austausch;Wir unterstützen Sie bei der Einführung und Aufrechterhaltung von Tool Box Meetings – kurzen, informellen Sicherheitsbesprechungen, die täglich vor Arbeitsbeginn stattfinden. Ziel dieser Treffen ist es, sicherheitsrelevante Themen zu besprechen, Bedenken zu adressieren und das Bewusstsein für potenzielle Gefahren zu schärfen.;☐;Klicken oder tippen Sie, um ein Datum einzugeben.;Klicken oder tippen Sie, um ein Datum einzugeben.;EHS Professional;
;;;;;;;
;;Tool Box Meetings fördern den offenen Austausch im Team und helfen, Lösungen sowie Schulungsbedarf frühzeitig zu erkennen – direkt und praxisnah am Ort des Geschehens.;;;;;
;;;;;;;
;;Typische Inhalte:;;;;;
;;·        Besprechung der bevorstehenden Tätigkeiten;;;;;
;;·        Identifikation potenzieller Gefahren und Risiken;;;;;
;;·        Hinweise zu Schutzmassnahmen und Verhaltensregeln ;;;;;
;;·        Austausch über Erfahrungen und Beobachtungen;;;;;
;;·        Klärung von Zuständigkeiten und Abläufen;;;;;
;;·        Dokumentation der Besprechung;;;;;
;;;;;;;
;;Ihr Nutzen: ;;;;;
;;·        Erhöhung der Aufmerksamkeit und Eigenverantwortung ;;;;;
;;·        Förderung einer aktiven Sicherheitskultur im Team ;;;;;
;;·        Reduktion von Zwischenfällen durch frühzeitige Kommunikation ;;;;;
;;·        Erfüllung gesetzlicher Anforderungen gemäss VUV, EKAS und UVG;;;;;
;;·        Unterstützung bei Audits und internen Sicherheitsbewertungen ;;;;;
29;Workshop - Interaktives Lernen für mehr Sicherheit;Wir unterstützen Sie bei der Planung und Durchführung spezifischer Workshops, die auf die Bedürfnisse Ihres Unternehmens zugeschnitten sind. Ein Workshop ist ein zeitlich begrenztes, praxisorientiertes Format, bei dem sich Teams intensiv mit einem sicherheitsrelevanten Thema auseinandersetzen. Im Gegensatz zu klassischen Schulungen sind die Teilnehmenden aktiv eingebunden und erarbeiten gemeinsam Lösungen.;☐;Klicken oder tippen Sie, um ein Datum einzugeben.;Klicken oder tippen Sie, um ein Datum einzugeben.;EHS Professional;
;;;;;;;
;;Workshops werden in der Regel von erfahrenen Fachpersonen geleitet und fördern durch ihre interaktive Struktur das gemeinsame Lernen, den Austausch und die nachhaltige Umsetzung von Sicherheitsstandards.;;;;;
;;;;;;;
;;Typische Inhalte:;;;;;
;;·        Praxisnahe Vermittlung von Fachwissen;;;;;
;;·        Gruppenarbeit und interaktive Übungen ;;;;;
;;·        Diskussion konkreter Herausforderungen und Lösungen;;;;;
;;·        Anwendung von verschiedenen Methoden;;;;;
;;·        Dokumentation der Ergebnisse und Massnahmen;;;;;
;;·        Anpassung an betriebliche Gegebenheiten;;;;;
;;;;;;;
;;Themenbeispiele:;;;;;
;;·        Brandschutz;;;;;
;;·        Gefahrenerkennung und Risikominderung;;;;;
;;·        Sicherheitsrichtlinien und Verfahren;;;;;
;;·        Stolpern und Stürzen;;;;;
;;·        Absturzsicherungen;;;;;
;;·        S-T-O-P Prinzip;;;;;
;;;;;;;
;;Ihr Nutzen:;;;;;
;;·        Förderung der Sicherheitskultur durch aktives Lernen ;;;;;
;;·        Erhöhung der Handlungskompetenz Ihrer Mitarbeitenden;;;;;
;;·        Erfüllung gesetzlicher Anforderungen gemäss VUV, EKAS und UVG ;;;;;
;;·        Stärkung der Zusammenarbeit und des Teamverständnisses ;;;;;
;;·        Unterstützung bei der Umsetzung betrieblicher Sicherheitsziele ;;;;;
30;Erste Hilfe - Sofortmassnahmen im Ernstfall;Wir unterstützen Sie bei der Organisation und Umsetzung eines wirksamen Erste-Hilfe-Konzepts in Ihrem Betrieb oder Projekt. Erste Hilfe umfasst alle Massnahmen, die bei Unfällen oder akuten gesundheitlichen Problemen sofort ergriffen werden, um Leben zu retten und Folgeschäden zu minimieren.;☐;Klicken oder tippen Sie, um ein Datum einzugeben.;Klicken oder tippen Sie, um ein Datum einzugeben.;Betriebssanitäter / -in;
;;;;;;;
;;Ein funktionierendes Erste-Hilfe-System ist gesetzlich vorgeschrieben und trägt wesentlich zur Sicherheit und zum Wohlbefinden Ihrer Mitarbeitenden bei.;;;;;
;;;;;;;
;;Typische Inhalte: ;;;;;
;;·        Bereitstellung und Kontrolle von Erste-Hilfe-Materialien ;;;;;
;;·        Benennung und Schulung von Ersthelferinnen und Ersthelfern ;;;;;
;;·        Kennzeichnung von Erste-Hilfe-Einrichtungen und -Zonen ;;;;;
;;·        Organisation der Alarmierung und Rettungskette ;;;;;
;;·        Dokumentation von Erste-Hilfe-Leistungen;;;;;
;;·        Integration in Notfall- und Brandschutzkonzepte;;;;;
;;;;;;;
;;Ihr Nutzen: ;;;;;
;;·        Erfüllung gesetzlicher Anforderungen gemäss VUV, EKAS und UVG ;;;;;
;;·        Erhöhung der Reaktionsfähigkeit im Ernstfall ;;;;;
;;·        Reduktion von gesundheitlichen Folgeschäden;;;;;
;;·        Förderung des Sicherheitsbewusstseins im Betrieb;;;;;
;;·        Unterstützung bei Audits und behördlichen Prüfungen ;;;;;
31;Konzept Zwischendecke - Sicherheit und Struktur für Deckensysteme;Wir erstellen für Sie ein projektspezifisches Konzept zur sicheren Planung, Ausführung und Kontrolle von Zwischendecken. Diese Deckensysteme kommen häufig bei Umbauten, Sanierungen oder technischen Installationen zum Einsatz und erfordern besondere Aufmerksamkeit hinsichtlich Statik, Zugangssicherheit und Brandschutz.;☐;Klicken oder tippen Sie, um ein Datum einzugeben.;Klicken oder tippen Sie, um ein Datum einzugeben.;EHS Manager / -in;
;;;;;;;
;;Ein durchdachtes Konzept stellt sicher, dass die Zwischendecke den baulichen Anforderungen entspricht und gleichzeitig die Sicherheit der Mitarbeitenden gewährleistet ist.;;;;;
;;;;;;;
;;Typische Inhalte:;;;;;
;;·        Technische Beschreibung der Zwischendeckenkonstruktion;;;;;
;;·        Statik und Lastannahmen;;;;;
;;·        Zugangssicherung und Absturzprävention;;;;;
;;·        Brandschutzanforderungen und Materialwahl;;;;;
;;·        Flucht- und Rettungswege;;;;;
;;·        Montage- und Demontageablauf ;;;;;
;;·        Dokumentation und Freigabe zur Nutzung;;;;;
;;·        Integration in bestehende Sicherheits- und Bauabläufe;;;;;
;;·        Schulung der Mitarbeitenden zur sicheren Nutzung;;;;;
;;;;;;;
;;Ihr Nutzen: ;;;;;
;;·        Erfüllung gesetzlicher Anforderungen gemäss BauAV, VUV und EKAS ;;;;;
;;·        Nachweisbare Sicherheit für alle Nutzer der Zwischendecke;;;;;
;;·        Reduktion von Risiken bei Montage, Nutzung und Rückbau ;;;;;
;;·        Unterstützung bei Audits und behördlichen Prüfungen ;;;;;
;;·        Optimierung der Arbeitsabläufe durch klare Struktur ;;;;;
32;Flucht & Rettungspläne - Orientierung im Ernstfall ;Wir erstellen für Sie projektspezifische Flucht- und Rettungspläne, die im Notfall eine sichere und strukturierte Evakuierung von Personen aus Gebäuden oder Anlagen ermöglichen. Diese Pläne sind ein zentraler Bestandteil des Notfallmanagements und tragen wesentlich zur Sicherheit Ihrer Mitarbeitenden und Besucher bei.;☐;Klicken oder tippen Sie, um ein Datum einzugeben.;Klicken oder tippen Sie, um ein Datum einzugeben.;Brandschutzfachmann / -frau;
;;;;;;;
;;Ein gut gestalteter Flucht- und Rettungsplan schafft Klarheit, reduziert Reaktionszeiten und unterstützt die Einsatzkräfte bei ihrer Arbeit.;;;;;
;;;;;;;
;;Typische Inhalte:;;;;;
;;·        Darstellung von Flucht- und Rettungswegen ;;;;;
;;·        Kennzeichnung von Notausgängen und Sammelplätzen;;;;;
;;·        Lage und Beschreibung von Brandschutzeinrichtungen ;;;;;
;;·        Verhaltensregeln im Notfall ;;;;;
;;·        Einbindung der Rettungskräfte und deren Anfahrtswege ;;;;;
;;·        Berücksichtigung spezifischer Risiken (z. B. Gefahrstoffe, Strom, Wasser) ;;;;;
;;·        Integration in bestehende Sicherheits- und Brandschutzkonzepte;;;;;
;;·        Schulung zur Anwendung und Interpretation der Pläne;;;;;
;;;;;;;
;;Ihr Nutzen: ;;;;;
;;·        Erfüllung gesetzlicher Anforderungen gemäss BauAV, VUV und EKAS;;;;;
;;·        Erhöhung der Sicherheit für Mitarbeitende und Dritte ;;;;;
;;·        Unterstützung bei Audits und behördlichen Prüfungen;;;;;
;;·        Reduktion von Panik und Fehlverhalten im Ernstfall;;;;;
;;·        Förderung der Sicherheitskultur im Betrieb ;;;;;
33;Hebekonzept - Sicheres Heben beginnt mit klarer Planung;Wir erstellen für Sie ein massgeschneidertes Hebekonzept, das alle sicherheitsrelevanten Aspekte Ihrer Hebetätigkeiten berücksichtigt – sei es bei Einbringungen, Montagearbeiten oder temporären Hebevorgängen. Ziel ist es, die Sicherheit und Gesundheit Ihrer Mitarbeitenden zu gewährleisten und gleichzeitig die gesetzlichen Anforderungen zu erfüllen.;☐;Klicken oder tippen Sie, um ein Datum einzugeben.;Klicken oder tippen Sie, um ein Datum einzugeben.;EHS Manager;
;;;;;;;
;;Ein durchdachtes Hebekonzept schafft Klarheit, reduziert Risiken und unterstützt die reibungslose Durchführung Ihrer Arbeiten.;;;;;
;;;;;;;
;;Typische Inhalte: ;;;;;
;;·        Gefährdungsbeurteilung / Risk Assessment;;;;;
;;·        Festlegung und Umsetzung von Sicherheitsmassnahmen ;;;;;
;;·        Situationsplan mit Darstellung der Hebezonen;;;;;
;;·        Definition und Prüfung geeigneter Anschlagpunkte ;;;;;
;;·        Angaben zur Bodenbelastung und Tragfähigkeit ;;;;;
;;·        Schulung und Unterweisung der beteiligten Personen ;;;;;
;;·        Notfallplanung und Verhalten im Störfall;;;;;
;;·        Überwachung und Kontrolle während der Durchführung;;;;;
;;;;;;;
;;Ihr Nutzen:;;;;;
;;·        Erfüllung gesetzlicher Anforderungen gemäss BauAV, VUV und EKAS ;;;;;
;;·        Reduktion von Unfall- und Sachschäden bei Hebevorgängen ;;;;;
;;·        Nachweisbare Sicherheit für alle Beteiligten ;;;;;
;;·        Unterstützung bei Audits und behördlichen Prüfungen ;;;;;
;;·        Optimierung der Arbeitsabläufe durch klare Struktur ;;;;;
34;Gap Analyse - Lücken erkennen, Standards erreichen;Wir erstellen für Sie eine fundierte Gap Analyse, um den Unterschied zwischen dem aktuellen Zustand Ihres Unternehmens und dem angestrebten Zielzustand zu identifizieren. Dieses strategische Instrument hilft dabei, gezielte Massnahmen zu entwickeln, um bestehende Lücken zu schliessen und Ihre EHS-Strategien kontinuierlich zu verbessern.;☐;Klicken oder tippen Sie, um ein Datum einzugeben.;Klicken oder tippen Sie, um ein Datum einzugeben.;EHS Manager / -in;
;;;;;;;
;;Die Gap Analyse schafft Transparenz, fördert die Entscheidungsfindung und unterstützt Sie dabei, höchste Standards im Bereich Umwelt, Gesundheit und Sicherheit zu erreichen.;;;;;
;;;;;;;
;;Typische Inhalte:;;;;;
;;·        Bestandsaufnahme bestehender Prozesse und Strukturen ;;;;;
;;·        Definition von Zielvorgaben und Soll-Zuständen ;;;;;
;;·        Vergleich von Ist- und Soll-Zustand ;;;;;
;;·        Identifikation von Lücken und Handlungsfeldern •;;;;;
;;·        Entwicklung konkreter Aktionspläne;;;;;
;;·        Implementierung der Massnahmen;;;;;
;;·        Überwachung, Bewertung und Nachsteuerung;;;;;
;;;;;;;
;;Ihr Nutzen: ;;;;;
;;·        Systematische Verbesserung Ihrer EHS-Strategie ;;;;;
;;·        Erfüllung gesetzlicher Anforderungen gemäss VUV, EKAS und UVG;;;;;
;;·        Erhöhung der Effizienz und Sicherheit im Betrieb ;;;;;
;;·        Unterstützung bei Audits, Zertifizierungen und internen Reviews ;;;;;
;;·        Förderung einer nachhaltigen und lernenden Organisation ;;;;;
35;Gefahrenstoffbeauftragte / -r - Verantwortung dokumentieren und Sicherheit gewährleisten;In der Schweiz besteht für Unternehmen eine gesetzliche Pflicht zur regelmässigen Erstellung eines Jahresberichts über Gefahrstoffe. Dieser Bericht muss durch einen qualifizierten Gefahrenstoffbeauftragten geprüft und freigegeben werden. Die Anforderungen sind Teil der übergeordneten Regelungen zur nachhaltigen Unternehmensführung sowie zur Sicherstellung von Arbeitssicherheit und Umweltschutz.;☐;Klicken oder tippen Sie, um ein Datum einzugeben.;Klicken oder tippen Sie, um ein Datum einzugeben.;Gefahrenstoffbeauftragte / -r;
;;;;;;;
;;Wir stellen Ihnen einen erfahrenen Gefahrenstoffbeauftragten zur Verfügung, der Sie bei der Erstellung, Prüfung und Freigabe Ihrer Berichte sowie bei der Umsetzung gesetzlicher Vorgaben im Bereich Chemikalientransporte und Gefahrstoffmanagement unterstützt.;;;;;
;;;;;;;
;;Typische Inhalte: ;;;;;
;;·        Durchführung von Gefährdungsbeurteilungen ;;;;;
;;·        Dokumentation von Sicherheitsmassnahmen und Risikominderung ;;;;;
;;·        Führung und Pflege von Sicherheitsdatenblättern (SDS) ;;;;;
;;·        Erstellung eines Gefahrstoffkatasters ;;;;;
;;·        Auflistung von Beständen, Verbrauch und Entsorgungsnachweisen ;;;;;
;;·        Entwicklung von Lager- und Transportkonzepten;;;;;
;;·        Beratung zur sicheren Lagerung und Handhabung ;;;;;
;;·        Unterstützung bei der Kommunikation mit Behörden;;;;;
;;Ihr Nutzen: ;;;;;
;;·        Erfüllung gesetzlicher Anforderungen gemäss ChemV, VUV und EKAS;;;;;
;;·        Nachweisbare Sicherheit im Umgang mit Gefahrstoffen ;;;;;
;;·        Reduktion von Risiken für Mensch und Umwelt;;;;;
;;·        Unterstützung bei Audits, Zertifizierungen und Behördenprüfungen ;;;;;
;;·        Förderung der Nachhaltigkeit und Compliance im Betrieb ;;;;;
36;Krankonzepte - Risiken minimieren und Sicherheit gewährleisten;In der Schweiz ist für den Betrieb von Kränen ein spezifisches Sicherheitskonzept erforderlich. Dieses Konzept muss auf den jeweiligen Einsatzort abgestimmt sein und dient der Einhaltung gesetzlicher Vorschriften sowie der Sicherstellung von Arbeitssicherheit und Schutz Dritter. Die Anforderungen sind Teil der übergeordneten Regelungen zur sicheren Baustellenorganisation und zur Prävention von Unfällen im Hoch- und Tiefbau.;☐;Klicken oder tippen Sie, um ein Datum einzugeben.;Klicken oder tippen Sie, um ein Datum einzugeben.;EHS Manager;
;;;;;;;
;;Wir stellen Ihnen erfahrene Fachpersonen zur Verfügung, die Sie bei der Erstellung, Prüfung und Umsetzung Ihres Krankonzepts unterstützen – von der technischen Planung bis zur Kommunikation mit Behörden.;;;;;
;;;;;;;
;;Typische Inhalte:;;;;;
;;·        Erfassung technischer Daten des Krans;;;;;
;;·        Standortanalyse und Bewertung der Bodenverhältnisse;;;;;
;;·        Berücksichtigung von Wind- und Wetterbedingungen;;;;;
;;·        Festlegung von Sicherheitsabständen und Sperrzonen ;;;;;
;;·        Erstellung von Notfall- und Rettungsplänen;;;;;
;;·        Instruktion und Schulung von Kranführern und Anschlägern;;;;;
;;·        Regelmässige Kontrollen und Wartungsdokumentation;;;;;
;;·        Planung der Lastenhandhabung und Transportwege ;;;;;
;;·        Nachweis der Qualifikationen für Bedienpersonal;;;;;
;;·        Kommunikationskonzept für den sicheren Betrieb ;;;;;
;;·        Erstellung eines Situationsplans mit Sicherheitszonen;;;;;
;;;;;;;
;;Ihr Nutzen:;;;;;
;;·        Erfüllung gesetzlicher Anforderungen gemäss VUV, EKAS und weiteren Richtlinien;;;;;
;;·        Nachweisbare Sicherheit beim Einsatz von Baukranen ;;;;;
;;·        Minimierung von Unfallrisiken und Haftungsfragen;;;;;
;;·        Unterstützung bei Audits, Zertifizierungen und Behördenprüfungen;;;;;
;;·        Professionelle Dokumentation für interne und externe Zwecke;;;;;
37;SiBe Brandschutz - Verantwortung übernehmen und Risiken vorbeugen;In der Schweiz ist die Bestellung eines Sicherheitsbeauftragten für den Brandschutz (SiBe) ein zentraler Bestandteil eines professionellen Sicherheitskonzepts. Der SiBe trägt die Verantwortung für die Einhaltung brandschutztechnischer Vorgaben und unterstützt die Projektleitung bei der Umsetzung präventiver Massnahmen. Diese Rolle ist essenziell für die Sicherheit von Personen, Sachwerten und Infrastruktur – insbesondere in komplexen Bau- und Industrieprojekten.;☐;Klicken oder tippen Sie, um ein Datum einzugeben.;Klicken oder tippen Sie, um ein Datum einzugeben.;SiBe Brandschutz;
;;;;;;;
;;Wir stellen Ihnen einen qualifizierten SiBe Brandschutz zur Verfügung, der Sie bei der Planung, Umsetzung und Kontrolle aller relevanten Brandschutzmassnahmen unterstützt und die Kommunikation mit Behörden und Projektbeteiligten übernimmt.;;;;;
;;;;;;;
;;Typische Inhalte:;;;;;
;;·        Identifikation von brandschutzrelevanten Risiken ;;;;;
;;·        Entwicklung und Umsetzung von Schutzmassnahmen ;;;;;
;;·        Überwachung der Einhaltung gesetzlicher Vorgaben ;;;;;
;;·        Erstellung von Notfall- und Evakuierungsplänen;;;;;
;;·        Durchführung von Schulungen und Sicherheitsinstruktionen;;;;;
;;·        Koordination mit internen und externen Stakeholdern;;;;;
;;·        Dokumentation und Berichterstattung für Audits und Prüfungen;;;;;
;;;;;;;
;;Ihr Nutzen:;;;;;
;;·        Erfüllung gesetzlicher Anforderungen gemäss VKF, VUV und kantonalen Richtlinien;;;;;
;;·        Erhöhte Sicherheit für Mitarbeitende, Besucher und Anlagen;;;;;
;;·        Minimierung von Brandrisiken und Haftungsfragen;;;;;
;;·        Professionelle Unterstützung bei Audits und Behördenkontrollen;;;;;
;;·        Nachhaltige Integration von Brandschutz in Ihre Projektorganisation;;;;;
38;Instruktion Brandwache - Sicherheit beginnt mit Wissen und Vorbereitung ;In Projekten mit erhöhtem Brandrisiko ist die Instruktion der Brandwache ein zentraler Bestandteil des Sicherheitskonzepts. Ziel ist es, die eingesetzten Personen gezielt auf ihre Aufgaben vorzubereiten und sicherzustellen, dass sie im Ernstfall schnell, effektiv und sicher reagieren können. Die vermittelten Inhalte orientieren sich an den geltenden Vorschriften und Best Practices im vorbeugenden Brandschutz.;☐;Klicken oder tippen Sie, um ein Datum einzugeben.;Klicken oder tippen Sie, um ein Datum einzugeben.;SiBe Brandschutz;
;;;;;;;
;;Wir bieten praxisnahe Schulungen zur Brandwache an und stellen auf Wunsch qualifiziertes Personal zur Verfügung, das Ihre Sicherheitsanforderungen zuverlässig erfüllt.;;;;;
;;;;;;;
;;Typische Inhalte:;;;;;
;;·        Grundlagen des vorbeugenden und abwehrenden Brandschutzes ;;;;;
;;·        Brandklassen und deren Bedeutung ;;;;;
;;·        Funktion und Einsatz von Feuerlöschern;;;;;
;;·        Gefahren und Risiken beim Löschen;;;;;
;;·        Praktische Übungen zur Brandbekämpfung ;;;;;
;;·        Richtiges Verhalten im Brandfall;;;;;
;;·        Notfallmanagement und Evakuierungsabläufe;;;;;
;;·        Kommunikation und Zusammenarbeit im Einsatzteam ;;;;;
;;·        Dokumentation und Berichterstattung für interne und externe Stellen;;;;;
;;;;;;;
;;Ihr Nutzen:;;;;;
;;·        Erfüllung gesetzlicher Anforderungen gemäss VUV, EKAS und VKF ;;;;;
;;·        Erhöhte Handlungssicherheit im Ernstfall;;;;;
;;·        Reduktion von Brandrisiken und Sachschäden ;;;;;
;;·        Professionelle Vorbereitung auf Audits und Behördenprüfungen ;;;;;
;;·        Stärkung der Sicherheitskultur im Unternehmen;;;;;
